{"loss": 5.304558753967285, "top_1_acc": 0.0, "_timestamp": 1674196342.6160543, "_runtime": 22.023536205291748, "_step": 0, "_wandb": {"runtime": 624}}